{
  "specular" : [0.6,0.6,0.6,1],
  "diffuse"  : [1.3,1.3,1.3,1.0],
     
  "vertices" : [
-0.382682, 0.923880, -1.000000,
	0.000000, 0.000000, 1.000000,
	-0.195089, 0.980786, -1.000000,
	0.000000, 1.000000, -1.000000,
	0.195090, 0.980785, -1.000000,
	0.382683, 0.923880, -1.000000,
	-0.555569, 0.831470, -1.000000,
	-0.707106, 0.707108, -1.000000,
	-0.831469, 0.555571, -1.000000,
	-0.923879, 0.382684, -1.000000,
	-0.980785, 0.195091, -1.000000,
	-1.000000, 0.000001, -1.000000,
	-0.980785, -0.195089, -1.000000,
	-0.923880, -0.382683, -1.000000,
	-0.831470, -0.555570, -1.000000,
	-0.707107, -0.707106, -1.000000,
	-0.555571, -0.831469, -1.000000,
	-0.382684, -0.923879, -1.000000,
	-0.195091, -0.980785, -1.000000,
	-0.000000, -1.000000, -1.000000,
	0.195090, -0.980785, -1.000000,
	0.382683, -0.923880, -1.000000,
	0.555570, -0.831470, -1.000000,
	0.707107, -0.707107, -1.000000,
	0.831470, -0.555570, -1.000000,
	0.923880, -0.382683, -1.000000,
	0.980785, -0.195090, -1.000000,
	1.000000, 0.000000, -1.000000,
	0.980785, 0.195090, -1.000000,
	0.923880, 0.382683, -1.000000,
	0.831470, 0.555570, -1.000000,
	0.707107, 0.707107, -1.000000,
	0.555570, 0.831470, -1.000000




 ],
  
"indices"  : [ 
            0, 1, 2, 3, 1, 4, 1, 3, 2, 4, 1, 5, 6, 1, 0, 7, 1, 6, 8, 1, 7, 9, 1, 8, 10, 1, 9, 11, 1, 10, 12, 1, 11, 13, 1, 12, 14, 1, 13, 15, 1, 14, 16, 1, 15, 17, 1, 16, 18, 1, 17, 19, 1, 18, 20, 1, 19, 21, 1, 20, 22, 1, 21, 23, 1, 22, 24, 1, 23, 25, 1, 24, 26, 1, 25, 27, 1, 26, 28, 1, 27, 29, 1, 28, 30, 1, 29, 31, 1, 30, 32, 1, 31, 5, 1, 32, 3, 4, 2, 4, 0, 2, 4, 5, 0, 5, 6, 0, 5, 32, 6, 32, 7, 6, 32, 31, 7, 31, 8, 7, 31, 30, 8, 30, 9, 8, 30, 29, 9, 29, 10, 9, 29, 28, 10, 28, 11, 10, 28, 27, 11, 27, 12, 11, 27, 26, 12, 26, 13, 12, 26, 25, 13, 25, 14, 13, 25, 24, 14, 24, 15, 14, 24, 23, 15, 23, 16, 15, 23, 22, 16, 22, 17, 16, 22, 21, 17, 21, 18, 17, 21, 20, 18, 20, 19, 18
            
            
  
  ],
          
"normals" : [
   -0.330668, 0.798334, -0.503281,
0.000000, 0.000000, 1.000000, 
-0.168554, 0.847499, -0.503281, 
0.000000, 0.864101, -0.503281, 
0.168554, 0.847499, -0.503281, 
0.330668, 0.798334, -0.503281, 
-0.480056, 0.718467, -0.503281, 
-0.611011, 0.611011, -0.503281, 
-0.718467, 0.480056, -0.503281, 
-0.798334, 0.330668, -0.503281, 
-0.847499, 0.168554, -0.503281, 
-0.864101, 0.000000, -0.503281, 
-0.847499, -0.168554, -0.503281, 
-0.798334, -0.330668, -0.503281, 
-0.718467, -0.480056, -0.503281, 
-0.611011, -0.611011, -0.503281, 
-0.480056, -0.718467, -0.503281, 
-0.330668, -0.798334, -0.503281, 
-0.168554, -0.847499, -0.503281, 
0.000000, -0.864101, -0.503281, 
0.168554, -0.847499, -0.503281, 
0.330668, -0.798334, -0.503281, 
0.480056, -0.718467, -0.503281, 
0.611011, -0.611011, -0.503281, 
0.718467, -0.480056, -0.503281, 
0.798334, -0.330668, -0.503281, 
0.847499, -0.168554, -0.503281, 
0.864101, 0.000000, -0.503281, 
0.847499, 0.168554, -0.503281, 
0.798334, 0.330668, -0.503281, 
0.718467, 0.480056, -0.503281, 
0.611011, 0.611011, -0.503281, 
0.480056, 0.718467, -0.503281

]
}