{
    
  "diffuse"  : [1.0,1.0,1.0,1.0],
  "specular" : [1,1,1,1],
          
  "vertices" : [
0.000000, 1.000000, -1.000000,
	0.000000, 1.000000, 1.000000,
	0.195090, 0.980785, 1.000000,
	0.195090, 0.980785, -1.000000,
	0.382683, 0.923880, 1.000000,
	0.382683, 0.923880, -1.000000,
	0.555570, 0.831470, 1.000000,
	0.555570, 0.831470, -1.000000,
	0.707107, 0.707107, 1.000000,
	0.707107, 0.707107, -1.000000,
	0.831470, 0.555570, 1.000000,
	0.831470, 0.555570, -1.000000,
	0.923880, 0.382683, 1.000000,
	0.923880, 0.382683, -1.000000,
	0.980785, 0.195090, 1.000000,
	0.980785, 0.195090, -1.000000,
	1.000000, 0.000000, 1.000000,
	1.000000, 0.000000, -1.000000,
	0.980785, -0.195090, 1.000000,
	0.980785, -0.195090, -1.000000,
	0.923880, -0.382683, 1.000000,
	0.923880, -0.382683, -1.000000,
	0.831470, -0.555570, 1.000000,
	0.831470, -0.555570, -1.000000,
	0.707107, -0.707107, 1.000000,
	0.707107, -0.707107, -1.000000,
	0.555570, -0.831470, 1.000000,
	0.555570, -0.831470, -1.000000,
	0.382683, -0.923880, 1.000000,
	0.382683, -0.923880, -1.000000,
	0.195090, -0.980785, 1.000000,
	0.195090, -0.980785, -1.000000,
	-0.000000, -1.000000, 1.000000,
	-0.000000, -1.000000, -1.000000,
	-0.195091, -0.980785, 1.000000,
	-0.195091, -0.980785, -1.000000,
	-0.382684, -0.923879, 1.000000,
	-0.382684, -0.923879, -1.000000,
	-0.555571, -0.831469, 1.000000,
	-0.555571, -0.831469, -1.000000,
	-0.707107, -0.707106, 1.000000,
	-0.707107, -0.707106, -1.000000,
	-0.831470, -0.555570, 1.000000,
	-0.831470, -0.555570, -1.000000,
	-0.923880, -0.382683, 1.000000,
	-0.923880, -0.382683, -1.000000,
	-0.980785, -0.195089, 1.000000,
	-0.980785, -0.195089, -1.000000,
	-1.000000, 0.000001, 1.000000,
	-1.000000, 0.000001, -1.000000,
	-1.000000, 0.000001, -1.000000,
	-1.000000, 0.000001, 1.000000,
	-0.980785, 0.195091, 1.000000,
	-0.980785, 0.195091, -0.959117,
	-0.980785, 0.195091, -1.000000,
	-0.980785, 0.195091, -0.959117,
	-0.980785, 0.195091, 1.000000,
	-0.923879, 0.382684, 1.000000,
	-0.923879, 0.382684, -1.000000,
	-0.980785, 0.195091, -1.000000,
	-0.923879, 0.382684, -1.000000,
	-0.923879, 0.382684, 1.000000,
	-0.831469, 0.555571, 1.000000,
	-0.831469, 0.555571, -1.000000,
	-0.707106, 0.707108, 1.000000,
	-0.707106, 0.707108, -1.000000,
	-0.555569, 0.831470, 1.000000,
	-0.555569, 0.831470, -1.000000,
	-0.382682, 0.923880, 1.000000,
	-0.382682, 0.923880, -1.000000,
	-0.195089, 0.980786, 1.000000,
	-0.980785, 0.195091, 1.000000,
	-0.195089, 0.980786, -1.000000,
	0.000000, 1.000000, -1.000000,
	0.195090, 0.980785, -1.000000,
	-0.195089, 0.980786, -1.000000,
	-0.382682, 0.923880, -1.000000,
	0.382683, 0.923880, -1.000000,
	-0.555569, 0.831470, -1.000000,
	0.555570, 0.831470, -1.000000,
	-0.707106, 0.707108, -1.000000,
	0.707107, 0.707107, -1.000000,
	-0.831469, 0.555571, -1.000000,
	0.831470, 0.555570, -1.000000,
	-0.923879, 0.382684, -1.000000,
	0.923880, 0.382683, -1.000000,
	-0.980785, 0.195091, -1.000000,
	0.980785, 0.195090, -1.000000,
	-1.000000, 0.000001, -1.000000,
	1.000000, 0.000000, -1.000000,
	-0.980785, -0.195089, -1.000000,
	0.980785, -0.195090, -1.000000,
	-0.923880, -0.382683, -1.000000,
	0.923880, -0.382683, -1.000000,
	-0.831470, -0.555570, -1.000000,
	0.831470, -0.555570, -1.000000,
	-0.707107, -0.707106, -1.000000,
	0.707107, -0.707107, -1.000000,
	-0.555571, -0.831469, -1.000000,
	0.555570, -0.831470, -1.000000,
	-0.382684, -0.923879, -1.000000,
	0.382683, -0.923880, -1.000000,
	-0.195091, -0.980785, -1.000000,
	0.195090, -0.980785, -1.000000,
	-0.000000, -1.000000, -1.000000



  
 ],
  
  "indices"  : [ 
0, 1, 2, 0, 2, 3, 3, 2, 4, 3, 4, 5, 5, 4, 6, 5, 6, 7, 7, 6, 8, 7, 8, 9, 9, 8, 10, 9, 10, 11, 11, 10, 12, 11, 12, 13, 13, 12, 14, 13, 14, 15, 15, 14, 16, 15, 16, 17, 17, 16, 18, 17, 18, 19, 19, 18, 20, 19, 20, 21, 21, 20, 22, 21, 22, 23, 23, 22, 24, 23, 24, 25, 25, 24, 26, 25, 26, 27, 27, 26, 28, 27, 28, 29, 29, 28, 30, 29, 30, 31, 31, 30, 32, 31, 32, 33, 33, 32, 34, 33, 34, 35, 35, 34, 36, 35, 36, 37, 37, 36, 38, 37, 38, 39, 39, 38, 40, 39, 40, 41, 41, 40, 42, 41, 42, 43, 43, 42, 44, 43, 44, 45, 45, 44, 46, 45, 46, 47, 47, 46, 48, 47, 48, 49, 50, 51, 52, 50, 52, 53, 50, 53, 54, 55, 56, 57, 55, 57, 58, 59, 55, 58, 60, 61, 62, 60, 62, 63, 63, 62, 64, 63, 64, 65, 65, 64, 66, 65, 66, 67, 67, 66, 68, 67, 68, 69, 2, 1, 70, 2, 70, 68, 2, 68, 4, 68, 66, 4, 66, 6, 4, 66, 64, 6, 64, 8, 6, 64, 62, 8, 62, 10, 8, 62, 61, 10, 61, 12, 10, 61, 71, 12, 71, 14, 12, 71, 48, 14, 48, 16, 14, 48, 46, 16, 46, 18, 16, 46, 44, 18, 44, 20, 18, 44, 42, 20, 42, 22, 20, 42, 40, 22, 40, 24, 22, 40, 38, 24, 38, 26, 24, 38, 36, 26, 36, 28, 26, 36, 34, 28, 34, 30, 28, 34, 32, 30, 1, 0, 72, 1, 72, 70, 69, 68, 70, 69, 70, 72, 73, 74, 75, 74, 76, 75, 74, 77, 76, 77, 78, 76, 77, 79, 78, 79, 80, 78, 79, 81, 80, 81, 82, 80, 81, 83, 82, 83, 84, 82, 83, 85, 84, 85, 86, 84, 85, 87, 86, 87, 88, 86, 87, 89, 88, 89, 90, 88, 89, 91, 90, 91, 92, 90, 91, 93, 92, 93, 94, 92, 93, 95, 94, 95, 96, 94, 95, 97, 96, 97, 98, 96, 97, 99, 98, 99, 100, 98, 99, 101, 100, 101, 102, 100, 101, 103, 102, 103, 104, 102



  ],